"","abslat","urban2","season","Slope","conf.low","conf.high","p.value"
"1","slope","natural","Summer",-0.00102757354749105,-0.0010863107281759,-0.000968836366806213,1.39456933503313e-250
"2","slope","natural","Winter",-0.00285545038790272,-0.00291523382792505,-0.00279566694788039,0
"3","slope","suburban","Summer",-0.000715219732079979,-0.000804681882118974,-0.000625757582040984,5.06938716983594e-55
"4","slope","suburban","Winter",-0.00233610572205687,-0.00241789885658682,-0.00225431258752693,0
"5","slope","urban","Summer",-0.000640089931699619,-0.000734852813191003,-0.000545327050208235,7.56614374880038e-40
"6","slope","urban","Winter",-0.00200404485859839,-0.0020951655361578,-0.00191292418103898,0
