"","abslat","urban2","season","Slope","conf.low","conf.high","p.value"
"1","slope","natural","Summer",0.00805307367272673,0.0076053376249758,0.00850080972047766,2.46615178242147e-264
"2","slope","natural","Winter",0.00677977422783957,0.00632401663547699,0.00723553182020216,3.79542078981487e-183
"3","slope","suburban","Summer",0.00755849513701502,0.00688322820587715,0.00823376206815289,1.79917491562158e-105
"4","slope","suburban","Winter",0.00394825944185136,0.00332777833122581,0.00456874055247691,1.42378727677386e-35
"5","slope","urban","Summer",0.00713645441200227,0.00641422514789955,0.00785868367610498,8.00852607485344e-83
"6","slope","urban","Winter",0.00472131495805383,0.00402757881893375,0.00541505109717391,2.01291583548354e-40
