"","abslat","urban2","season","Slope","conf.low","conf.high","p.value"
"1","slope","natural","Summer",0.00797287927747865,0.00754299143286137,0.00840276712209593,2.42421742193435e-281
"2","slope","natural","Winter",0.0067497761312504,0.00631527473534416,0.00718427752715665,1.20033632615219e-199
"3","slope","suburban","Summer",0.00753850829410441,0.00692358473182242,0.0081534318563864,5.05930480556437e-126
"4","slope","suburban","Winter",0.00396010425662672,0.00340363818583433,0.00451657032741912,4.84489594195122e-44
"5","slope","urban","Summer",0.00640688353380234,0.00572809294694918,0.0070856741206555,7.3357463124999e-76
"6","slope","urban","Winter",0.00417433064140576,0.00352729640350794,0.00482136487930358,1.57345672541158e-36
